segment_id,nome_strada,comune,km_idx,lunghezza_m,n_attraversamenti,n_semafori,n_stop,n_incroci,n_autovelox,n_lampioni,maxspeed_med,n_incidenti,indice_grezzo,indice
1,SP 046 Pasubio,VALLI DEL PASUBIO,0,1000,0,0,0,0,0,0,,0,0.0,0.0
2,SP 046 Pasubio,VALLI DEL PASUBIO,1,1000,1,0,0,0,0,0,,0,0.0,0.0
3,SP 046 Pasubio,VALLI DEL PASUBIO,2,1000,0,0,0,0,0,0,,0,0.0,0.0
4,SP 046 Pasubio,VALLI DEL PASUBIO,3,1000,0,0,0,0,0,0,,0,0.0,0.0
5,SP 046 Pasubio,VALLI DEL PASUBIO,4,1000,0,0,0,0,0,0,,0,0.0,0.0
6,SP 046 Pasubio,VALLI DEL PASUBIO,5,1000,0,0,0,0,0,0,,0,0.0,0.0
7,SP 046 Pasubio,VALLI DEL PASUBIO,6,1000,1,0,0,0,0,0,45,0,0.0,0.0
8,SP 046 Pasubio,VALLI DEL PASUBIO,7,1000,0,0,0,0,0,0,70,1,0.429,0.9
9,SP 046 Pasubio,VALLI DEL PASUBIO,8,1000,0,0,0,0,0,0,40,3,0.643,1.4
10,SP 046 Pasubio,VALLI DEL PASUBIO,9,1000,0,0,0,0,0,0,50,2,0.643,1.4
11,SP 046 Pasubio,VALLI DEL PASUBIO,10,1000,8,0,1,0,0,0,50,6,2.571,5.5
12,SP 046 Pasubio,VALLI DEL PASUBIO,11,1000,2,0,0,0,0,0,50,6,1.5,3.2
13,SP 046 Pasubio,TORREBELVICINO,12,1000,1,0,0,0,0,0,30,2,0.429,0.9
14,SP 046 Pasubio,TORREBELVICINO,13,1000,0,0,0,0,0,0,30,0,0.0,0.0
15,SP 046 Pasubio,TORREBELVICINO,14,1000,0,0,0,0,0,0,,3,1.286,2.8
16,SP 046 Pasubio,SCHIO,15,998,0,0,0,0,0,0,50,10,4.938,10.6
17,SP 046 Pasubio,SAN VITO DI LEGUZZANO,16,1000,0,0,0,0,0,0,90,7,2.214,4.8
18,SP 046 Pasubio,MALO,17,413,1,0,0,0,0,5,90,6,4.151,8.9
19,SP 046 Pasubio,MALO,18,1000,5,0,0,0,0,3,50,8,3.429,7.4
20,SP 046 Pasubio,MALO,19,185,3,0,0,0,0,0,50,4,4.633,9.9
21,SP 046 Pasubio,MALO,20,963,8,0,0,0,0,37,50,18,5.415,11.6
22,SP 046 Pasubio,MALO,21,1000,4,1,2,0,0,20,50,21,6.643,14.3
23,SP 046 Pasubio,MALO,22,637,2,0,0,0,0,98,45,9,4.485,9.6
24,SP 046 Pasubio,MALO,23,981,8,1,0,0,0,13,50,19,6.116,13.1
25,SP 046 Pasubio,MALO,24,153,0,0,0,0,0,105,40,0,0.0,0.0
26,SP 046 Pasubio,ISOLA VICENTINA,25,1000,13,0,1,0,0,24,50,14,4.071,8.7
27,SP 046 Pasubio,ISOLA VICENTINA,26,196,7,0,0,0,0,1,50,3,3.28,7.0
28,SP 046 Pasubio,ISOLA VICENTINA,27,1000,4,0,0,0,0,5,50,12,2.571,5.5
29,SP 046 Pasubio,ISOLA VICENTINA,28,1000,1,0,0,0,0,2,90,8,2.429,5.2
30,SP 046 Pasubio,ISOLA VICENTINA,29,750,2,4,0,0,0,1,50,7,2.857,6.1
31,SP 046 Pasubio,ISOLA VICENTINA,30,164,0,0,0,0,0,0,60,0,0.0,0.0
32,SP 046 Pasubio,ISOLA VICENTINA,31,158,0,0,0,0,0,0,60,0,0.0,0.0
33,SP 046 Pasubio,ISOLA VICENTINA,32,1000,0,0,0,0,0,14,60,3,1.071,2.3
34,SP 046 Pasubio,COSTABISSARA,33,660,7,0,0,0,0,32,70,5,5.411,11.6
35,SP 046 Pasubio,COSTABISSARA,34,108,14,0,0,0,0,7,50,1,1.984,4.3
36,SP 046 Pasubio,COSTABISSARA,35,142,14,0,1,0,0,7,50,10,28.672,61.6
37,SP 046 Pasubio,COSTABISSARA,36,149,11,0,0,0,0,12,50,3,8.629,18.5
38,SP 046 Pasubio,COSTABISSARA,37,152,10,0,0,0,0,13,50,2,2.82,6.1
39,SP 046 Pasubio,COSTABISSARA,38,229,12,0,0,0,0,20,50,8,9.357,20.1
40,SP 046 Pasubio,COSTABISSARA,39,530,21,1,0,0,0,44,50,9,5.256,11.3
41,SP 046 Pasubio,COSTABISSARA,40,263,4,0,0,0,0,31,50,6,6.518,14.0
42,SP 046 Pasubio,COSTABISSARA,41,1000,7,0,1,0,0,20,50,16,6.714,14.4
43,SP 046 Pasubio,VICENZA,42,203,0,0,0,0,0,7,40,4,8.445,18.1
44,SP 046 Pasubio,VICENZA,43,197,0,0,0,0,0,6,40,0,0.0,0.0
45,SP 046 Pasubio,VICENZA,44,1000,0,0,0,0,0,0,70,0,0.0,0.0
46,SP 046 Pasubio,VICENZA,45,1000,0,0,0,0,0,0,90,0,0.0,0.0
47,SP 046 Pasubio,VICENZA,46,1000,0,0,0,0,0,0,90,0,0.0,0.0
48,SP 046 Pasubio,COSTABISSARA,47,1000,0,0,0,0,0,0,90,0,0.0,0.0
49,SP 046 Pasubio,VICENZA,48,593,0,0,0,0,0,0,90,0,0.0,0.0
50,SP 046 Pasubio,VICENZA,49,212,0,0,0,0,0,0,90,0,0.0,0.0
51,SP 046 Pasubio,VICENZA,50,250,0,0,0,0,0,0,90,36,46.571,100.0
52,SP 046 Pasubio,VICENZA,51,1000,0,0,0,0,0,0,70,0,0.0,0.0
53,SP 046 Pasubio,VICENZA,52,1000,0,0,0,0,0,0,90,0,0.0,0.0
54,SP 046 Pasubio,VICENZA,53,1000,0,0,0,0,0,0,90,0,0.0,0.0
55,SP 046 Pasubio,VICENZA,54,1000,0,0,0,0,0,0,50,0,0.0,0.0
56,SP 046 Pasubio,VICENZA,55,639,0,0,0,0,0,0,70,0,0.0,0.0
57,SP 046 Pasubio,VICENZA,56,184,0,0,0,0,0,0,90,0,0.0,0.0
58,SP 046 Pasubio,VICENZA,57,178,0,0,0,0,0,0,90,0,0.0,0.0
59,SP 046 Pasubio,VICENZA,58,117,0,0,0,0,0,0,90,0,0.0,0.0
60,SP 046 Pasubio,VICENZA,59,548,0,0,0,0,0,0,70,1,0.391,0.8
61,SP 046 Pasubio,VICENZA,60,202,0,0,0,0,0,6,40,0,0.0,0.0
62,SP 046 Pasubio,VICENZA,61,529,0,0,0,0,0,0,90,1,1.215,2.6
63,SP 046 rac Pasubio Raccordo del Sole,VICENZA,0,407,0,0,0,0,0,6,50,0,0.0,0.0
64,SP 046 rac Pasubio Raccordo del Sole,VICENZA,1,331,0,0,0,0,0,6,90,2,2.59,5.6
65,SP 046 rac Pasubio Raccordo del Sole,VICENZA,2,559,0,0,0,0,0,11,50,0,0.0,0.0
66,SP 046 rac Pasubio Raccordo del Sole,VICENZA,3,275,0,0,0,0,0,2,90,1,3.896,8.4
67,SP 046 rac Pasubio Raccordo del Sole,VICENZA,4,304,0,0,0,0,0,5,50,0,0.0,0.0
68,SP 046 rac Pasubio Raccordo del Sole,VICENZA,5,725,1,0,0,0,0,12,50,4,1.773,3.8
69,SP 046 var Torrebelvicino,TORREBELVICINO,0,1000,2,2,1,0,0,0,50,9,3.214,6.9
70,SP 046 var Torrebelvicino,TORREBELVICINO,1,1000,1,2,0,0,0,0,38,2,0.429,0.9
71,SP 046 var Torrebelvicino,TORREBELVICINO,2,559,0,0,0,0,0,0,70,2,1.15,2.5
72,SP 349 Costo,SCHIO,0,107,1,0,0,0,0,0,50,0,0.0,0.0
73,SP 349 Costo,SANTORSO,1,1000,6,4,0,0,0,0,70,18,6.857,14.7
74,SP 349 Costo,SANTORSO,2,1000,6,1,0,0,0,0,50,14,4.5,9.7
75,SP 349 Costo,SANTORSO,3,924,4,0,0,0,0,0,70,10,3.015,6.5
76,SP 349 Costo,ASIAGO,4,1000,5,0,4,0,0,0,50,3,0.643,1.4
77,SP 349 Costo,ASIAGO,5,1000,0,0,0,0,0,0,,0,0.0,0.0
78,SP 349 Costo,ROANA,6,1000,0,0,1,0,0,0,,1,0.643,1.4
79,SP 349 Costo,ROANA,7,1000,0,0,0,0,0,0,,0,0.0,0.0
80,SP 349 Costo,ROANA,8,1000,0,0,0,0,0,0,,1,0.214,0.5
81,SP 349 Costo,ROANA,9,1000,0,0,0,0,0,0,,0,0.0,0.0
82,SP 349 Costo,ROANA,10,1000,0,0,1,0,0,0,,0,0.0,0.0
83,SP 349 Costo,ROANA,11,1000,0,0,0,0,0,0,,0,0.0,0.0
84,SP 349 Costo,ROANA,12,1000,0,0,0,0,0,0,,0,0.0,0.0
85,SP 349 Costo,ROANA,13,1000,0,0,0,0,0,0,,0,0.0,0.0
86,SP 349 Costo,ROANA,14,1000,0,0,0,0,0,0,,0,0.0,0.0
87,SP 349 Costo,ROANA,15,1000,0,0,0,0,0,0,,0,0.0,0.0
88,SP 349 Costo,ROANA,16,1000,0,0,0,0,0,0,,0,0.0,0.0
89,SP 349 Costo,ROANA,17,1000,0,0,0,0,0,0,,0,0.0,0.0
90,SP 349 Costo,ASIAGO,18,1000,0,0,0,0,0,0,,0,0.0,0.0
91,SP 349 Costo,ASIAGO,19,1000,0,0,0,0,0,0,,1,0.429,0.9
92,SP 349 Costo,ROTZO,20,869,0,0,0,0,0,0,,1,0.493,1.1
93,SP 349 Costo,PIOVENE ROCCHETTE,21,1000,12,5,2,0,3,0,50,15,5.357,11.5
94,SP 349 Costo,SANTORSO,22,1000,4,0,0,0,1,0,,3,1.286,2.8
95,SP 349 Costo,SANTORSO,23,475,1,0,1,0,0,0,,3,2.256,4.8
96,SP 349 Costo,PIOVENE ROCCHETTE,24,161,9,0,3,0,0,0,50,6,10.648,22.9
97,SP 349 Costo,PIOVENE ROCCHETTE,25,1000,7,0,0,0,0,0,50,14,4.286,9.2
98,SP 349 Costo,CARRE',26,631,2,0,0,0,0,16,130,6,3.056,6.6
99,SP 349 Costo,ROANA,27,1000,6,0,3,0,0,2,50,2,0.429,0.9
100,SP 349 Costo,ROANA,28,1000,0,0,0,0,0,0,70,0,0.0,0.0
101,SP 349 Costo,ROANA,29,1000,0,0,0,0,0,0,45,0,0.0,0.0
102,SP 349 Costo,COGOLLO DEL CENGIO,30,1000,0,0,0,0,2,0,70,2,0.429,0.9
103,SP 349 Costo,COGOLLO DEL CENGIO,31,1000,0,0,0,0,0,0,70,1,0.214,0.5
104,SP 349 Costo,COGOLLO DEL CENGIO,32,1000,0,0,0,0,0,0,70,2,2.0,4.3
105,SP 349 Costo,COGOLLO DEL CENGIO,33,1000,0,0,0,0,0,0,70,1,0.429,0.9
106,SP 349 Costo,COGOLLO DEL CENGIO,34,1000,0,0,0,0,0,0,70,0,0.0,0.0
107,SP 349 Costo,COGOLLO DEL CENGIO,35,1000,0,0,0,0,2,0,70,1,0.214,0.5
108,SP 349 Costo,COGOLLO DEL CENGIO,36,1000,0,0,0,0,2,0,70,1,0.714,1.5
109,SP 349 Costo,COGOLLO DEL CENGIO,37,1000,0,0,0,0,0,0,70,1,0.429,0.9
110,SP 349 Costo,COGOLLO DEL CENGIO,38,1000,0,0,0,0,0,0,70,0,0.0,0.0
111,SP 349 Costo,COGOLLO DEL CENGIO,39,1000,0,0,0,0,2,0,70,3,1.5,3.2
112,SP 349 Costo,COGOLLO DEL CENGIO,40,1000,0,0,0,0,2,0,70,1,1.286,2.8
113,SP 349 Costo,COGOLLO DEL CENGIO,41,1000,0,0,0,0,0,0,70,2,0.429,0.9
114,SP 349 Costo,CALTRANO,42,410,0,0,2,0,0,0,70,2,1.045,2.2
115,SP 349 Costo,PIOVENE ROCCHETTE,43,117,4,0,1,0,0,0,50,3,5.495,11.8
116,SP 349 Costo,ROANA,44,1000,4,0,0,0,0,0,50,0,0.0,0.0
117,SP 349 Costo,ROANA,45,1000,0,0,0,0,0,0,,0,0.0,0.0
118,SP 349 Costo,ROANA,46,1000,0,0,0,0,0,0,,0,0.0,0.0
119,SP 349 Costo,ROANA,47,1000,0,0,0,0,0,0,,0,0.0,0.0
120,SP 349 Costo,ROANA,48,1000,0,0,2,0,0,0,,3,0.857,1.8
121,SP 349 Costo,ROANA,49,452,4,0,2,0,0,0,50,2,0.948,2.0
122,SP 349 Costo,PIOVENE ROCCHETTE,50,751,12,0,0,0,0,0,50,11,4.28,9.2
123,SP 349 Costo,PIOVENE ROCCHETTE,51,1000,10,0,4,0,2,10,50,12,3.929,8.4
124,SP 349 Costo,CHIUPPANO,52,830,1,0,2,0,0,0,50,4,1.291,2.8
125,SP 349 Costo,ZANE',53,1000,2,1,0,0,0,11,,9,2.143,4.6
126,SP 349 Costo,ZANE',54,1000,4,6,0,1,0,0,50,2,0.643,1.4
127,SP 349 Costo,ZANE',55,467,12,10,2,1,0,0,50,7,4.589,9.9
128,SP 349 Costo,CALTRANO,56,995,3,0,2,0,0,0,50,5,2.369,5.1
129,SP 349 Costo,CHIUPPANO,57,155,1,0,1,0,0,0,,2,4.147,8.9
130,SP 349 Costo,ZANE',58,494,10,7,4,0,0,0,,11,5.639,12.1
131,SP 349 Costo,ZANE',59,199,6,0,1,0,0,0,,7,18.306,39.3
132,SP 349 Costo,ROANA,60,925,17,0,5,0,0,0,50,2,0.695,1.5
133,SP 349 Costo,ASIAGO,61,1000,4,0,6,0,1,0,50,6,2.143,4.6
134,SP 349 Costo,ASIAGO,62,1000,0,0,0,0,0,0,70,2,1.571,3.4
135,SP 349 Costo,ROANA,63,295,2,0,1,0,0,0,50,0,0.0,0.0
136,SP 349 Costo,THIENE,64,1000,3,0,0,0,1,0,70,12,3.643,7.8
137,SP 349 Costo,THIENE,65,1000,9,0,3,0,2,0,130,24,8.143,17.5
138,SP 349 Costo,THIENE,66,459,0,0,0,0,0,193,90,1,0.467,1.0
139,SP 349 Costo,VILLAVERLA,67,1000,11,0,4,0,2,0,50,21,6.214,13.3
140,SP 349 Costo,VILLAVERLA,68,1000,16,0,2,0,0,0,50,21,5.786,12.4
141,SP 349 Costo,VILLAVERLA,69,1000,3,0,2,0,0,0,50,6,2.143,4.6
142,SP 349 Costo,CALDOGNO,70,1000,0,0,0,0,0,0,90,6,1.5,3.2
143,SP 349 Costo,CALDOGNO,71,1000,0,0,0,0,0,3,70,9,3.214,6.9
144,SP 349 Costo,CALDOGNO,72,1000,1,0,0,0,0,0,70,5,2.143,4.6
145,SP 349 var Costo Variante,SCHIO,0,1000,0,0,0,0,0,0,40,7,1.5,3.2
146,SP 349 var Costo Variante,ZANE',1,1000,0,0,0,1,0,0,40,3,1.286,2.8
147,SP 349 var Costo Variante,ZANE',2,1000,0,0,0,0,0,0,90,6,1.929,4.1
148,SP 349 var Costo Variante,THIENE,3,1000,0,0,0,0,0,0,50,7,1.714,3.7
149,SP 349 var Costo Variante,THIENE,4,201,2,0,0,0,0,0,50,1,1.066,2.3
150,SP 349 var Costo Variante,THIENE,5,228,2,0,0,0,0,0,50,7,9.398,20.2
151,SP 350 Val d'Astico,LASTEBASSE,0,1000,0,0,0,0,0,0,,0,0.0,0.0
152,SP 350 Val d'Astico,LASTEBASSE,1,1000,2,0,2,0,0,0,,0,0.0,0.0
153,SP 350 Val d'Astico,LASTEBASSE,2,1000,0,0,0,0,0,0,,0,0.0,0.0
154,SP 350 Val d'Astico,LASTEBASSE,3,1000,0,0,0,0,0,0,,1,0.214,0.5
155,SP 350 Val d'Astico,PEDEMONTE,4,1000,0,0,0,0,0,0,,0,0.0,0.0
156,SP 350 Val d'Astico,PEDEMONTE,5,1000,1,0,0,0,0,0,,0,0.0,0.0
157,SP 350 Val d'Astico,LASTEBASSE,6,1000,0,0,0,0,0,0,,0,0.0,0.0
158,SP 350 Val d'Astico,PEDEMONTE,7,1000,0,0,0,0,0,0,,0,0.0,0.0
159,SP 350 Val d'Astico,VALDASTICO,8,1000,0,0,0,0,0,0,,0,0.0,0.0
160,SP 350 Val d'Astico,VALDASTICO,9,1000,1,0,1,0,0,0,,1,0.214,0.5
161,SP 350 Val d'Astico,VALDASTICO,10,1000,0,0,0,0,0,0,,3,0.643,1.4
162,SP 350 Val d'Astico,VALDASTICO,11,1000,1,0,1,0,0,0,,0,0.0,0.0
163,SP 350 Val d'Astico,VALDASTICO,12,1000,2,0,1,0,0,0,,0,0.0,0.0
164,SP 350 Val d'Astico,VALDASTICO,13,1000,0,0,0,0,0,0,,0,0.0,0.0
165,SP 350 Val d'Astico,VALDASTICO,14,1000,2,0,0,0,0,0,,0,0.0,0.0
166,SP 350 Val d'Astico,ARSIERO,15,1000,1,0,0,0,0,0,,1,1.071,2.3
167,SP 350 Val d'Astico,ARSIERO,16,1000,1,0,0,0,0,0,,3,1.071,2.3
168,SP 350 Val d'Astico,ARSIERO,17,1000,0,0,0,0,0,0,,0,0.0,0.0
169,SP 350 Val d'Astico,ARSIERO,18,1000,10,2,8,0,0,0,,5,3.357,7.2
170,SP 350 Val d'Astico,ARSIERO,19,1000,0,0,5,0,0,0,,4,2.0,4.3
171,SP 350 Val d'Astico,COGOLLO DEL CENGIO,20,1000,1,0,3,0,0,0,,7,2.786,6.0
172,SP 350 Val d'Astico,COGOLLO DEL CENGIO,21,1000,0,0,1,0,0,0,90,2,0.857,1.8
173,SP 350 Val d'Astico,COGOLLO DEL CENGIO,22,1000,0,0,1,0,0,0,90,0,0.0,0.0
174,SP 350 Val d'Astico,COGOLLO DEL CENGIO,23,1000,3,0,0,0,0,0,70,3,1.286,2.8
175,SP 350 Val d'Astico,COGOLLO DEL CENGIO,24,1000,6,1,6,0,0,0,50,8,2.357,5.1
176,SP 350 Val d'Astico,COGOLLO DEL CENGIO,25,1000,0,0,0,0,0,0,20,3,1.071,2.3
177,SP 350 Val d'Astico,PIOVENE ROCCHETTE,26,1000,3,0,3,0,0,0,50,5,2.429,5.2
178,SP 350 Val d'Astico,PIOVENE ROCCHETTE,27,1000,16,10,8,0,0,0,50,15,4.286,9.2
179,SP 350 Val d'Astico,PIOVENE ROCCHETTE,28,384,10,0,4,0,1,0,50,8,7.812,16.8
